Category,Image,Title,Price
giay-nike,https://giayxshop.vn/wp-content/uploads/2022/01/z3647689413100_2d8d1c5808dec3ef65abe5e8cf65e0b6-300x300.jpg,Nike Jordan 1 Low Đen Cam REP 1:1,350
giay-nike,https://giayxshop.vn/wp-content/uploads/2022/04/46-300x300.jpg,Nike Blazer Low Trắng Đen REP,299
giay-nike,https://giayxshop.vn/wp-content/uploads/2021/06/z3660101541980_adf73e36a0b62b70f98e8ea039075c67-300x300.jpg,Nike Jordan 1 Low Đen Trắng Xanh REP 1:1,360
giay-nike,https://giayxshop.vn/wp-content/uploads/2022/01/z3649873980875_6b34784648f624df482fab4c674f406c-300x300.jpg,Nike Air Force 1 Xám Viền Xanh Da Rắn REP 1:1,379
giay-nike,https://giayxshop.vn/wp-content/uploads/2021/12/z3657631546192_9d623de502a39f3893430912a9a4c4aa-300x300.jpg,Nike Air Force 1 NY Trắng Đen REP 1:1,399
giay-nike,https://giayxshop.vn/wp-content/uploads/2021/12/z3655897742291_abed4baa9c30305e45371f4de9f8d05f-300x300.jpg,Nike Air Force 1 Da Lộn Kem Xám REP 1:1,399
giay-nike,https://giayxshop.vn/wp-content/uploads/2021/12/z3649890795148_f207ffcde907322f77c97ba730ad1bad-300x300.jpg,Nike Air Force 1 Trắng Đen Đế Nâu REP 1:1,399
giay-nike,https://giayxshop.vn/wp-content/uploads/2022/06/z3654767209736_562ec04741a0d270af90673d919c000d-300x300.jpg,Nike Jordan 1 Low Kem Xanh Dương Da Lộn REP 1:1,399
giay-nike,https://giayxshop.vn/wp-content/uploads/2022/11/z3856696854691_95d75eca5c3511cc0be8ff8aab69608d-300x300.jpg,Nike Jordan 1 Low Trắng Xám Đế Đen REP 1:1,399
giay-nike,https://giayxshop.vn/wp-content/uploads/2021/12/z3663010633270_05824dbb5751a5a42b834e140ac800f5-300x300.jpg,Nike Jordan 1 Low Thổ Cẩm REP,249
giay-nike,https://giayxshop.vn/wp-content/uploads/2022/03/z3663122591351_06ce8218991651d030bd35ef8f3b975f-300x300.jpg,Nike Jordan 1 Low Xám Camo REP,249
giay-nike,https://giayxshop.vn/wp-content/uploads/2021/12/z3658315268546_64b9ad42f201af3559acd22e14c8d10b-300x300.jpg,Nike Air Force 1 Shadow Full Trắng REP 1 :1,500
giay-nike,https://giayxshop.vn/wp-content/uploads/2022/06/z3673710418478_0505c6216cd5378170f30b58473d3d24-300x300.jpg,Nike Zoom N979 Đen Ghi Đậm SF,450
giay-nike,https://giayxshop.vn/wp-content/uploads/2022/03/z3644897010861_47f49887ba9383df92fd98425107fc81-300x300.jpg,Nike Air Force 1 Shadow Xanh Ngọc Rep 1:1,500
giay-nike,https://giayxshop.vn/wp-content/uploads/2022/06/z3673708374698_5f46b2db8f9d70694c06f30783556542-300x300.jpg,Nike Zoom N979 Đen Ghi Nhạt SF,450
giay-nike,https://giayxshop.vn/wp-content/uploads/2022/11/z3922874776985_dd6b8d2c5865e3b591c4f5823f5ce106-300x300.jpg,Nike Zoom A155 Đen Trắng SF,500
giay-nike,https://giayxshop.vn/wp-content/uploads/2022/11/z3867066712483_7e824d886742bd4baa63bee6fc2c945c-300x300.jpg,Nike Zoom A150 Xám Xanh SF,450
giay-nike,https://giayxshop.vn/wp-content/uploads/2022/12/z3922873368664_5ffd6b198d4a554a09940f96acbea499-300x300.jpg,Nike Zoom A155 Ghi Đen SF,500
giay-nike,https://giayxshop.vn/wp-content/uploads/2022/11/z3867069928881_a0dacb6fc421dbeeeee593518e21fe76-300x300.jpg,Nike Zoom A150 Trắng Xanh Đế Đen SF,450
giay-nike,https://giayxshop.vn/wp-content/uploads/2023/08/z4597160237904_36a657eb3b96bc41f93cc9c6d343d3b2-300x300.jpg,Nike Air Force 1 Shadow Trắng Nâu Xám REP 1:1,500
giay-nike,https://giayxshop.vn/wp-content/uploads/2022/11/z3867068972988_2ca7ba09b1856763e4743426a549b95f-300x300.jpg,Nike Zoom A150 Đen Cam SF,450
giay-nike,https://giayxshop.vn/wp-content/uploads/2023/08/z4599255288986_327e686892af41c6b226dc18c6b1176c-300x300.jpg,Nike Air Force 1 Shadow Xanh Xám REP 1:1,500
giay-nike,https://giayxshop.vn/wp-content/uploads/2019/02/z3647648377271_1766387b92c7ca8dbc78c79a074d5e1c-300x300.jpg,Nike Air Force 1 Full Trắng REP 1:1,550
giay-nike,https://giayxshop.vn/wp-content/uploads/2020/12/z3668195007518_a02cbad9f36b65e6d24bbcfe85f3f454-300x300.jpg,Nike Jordan 1 High Đen Trắng REP 1:1,550
giay-nike,https://giayxshop.vn/wp-content/uploads/2021/06/z3658232703325_8acdecab4aec199b7fb56e574df3b379-300x300.jpg,Nike Air Force 1 Lv 8 Xanh Hồng Rep 1:1,550
giay-nike,https://giayxshop.vn/wp-content/uploads/2021/10/z3673514540202_520958bcabb80da9a4dc4709e8dbae21-300x300.jpg,Nike Air Force 1 Full Trắng Viền Đen REP 1:1,550
giay-nike,https://giayxshop.vn/wp-content/uploads/2021/10/z4689150683368_54c952b63187aeb3c0a751ed1e2057ed-300x300.jpg,Nike Air Force 1 Trắng Viền Xanh REP 1:1,550
giay-nike,https://giayxshop.vn/wp-content/uploads/2021/10/z3660282888158_c0799aa440a0a0792773c7602b8818e5-300x300.jpg,Nike Jordan 1 High Xám Trắng Xanh REP 1:1,550
giay-nike,https://giayxshop.vn/wp-content/uploads/2021/12/z3655781282106_d4924d742c8ffc56a567c0c7472c8559-300x300.jpg,Nike Jordan 1 High Hồng Đế Nâu REP 1:1,550
giay-nike,https://giayxshop.vn/wp-content/uploads/2021/10/z3660239630939_8a23e9c1a35ac13d43906c1eef576e99-300x300.jpg,Nike Jordan 1 Low Xám Đế Xanh REP 1:1,550
giay-nike,https://giayxshop.vn/wp-content/uploads/2022/01/z3660155789762_0fc4fe90dd3bb17a0181f209b3dba4c9-300x300.jpg,Nike Jordan 1 Low Trắng Đen REP 1:1,550
giay-nike,https://giayxshop.vn/wp-content/uploads/2021/12/z3660087523028_6dcbc7a870f2861c6705c6e006a8e214-300x300.jpg,Nike Jordan 1 Low Hồng Đế Nâu REP 1:1,550
giay-nike,https://giayxshop.vn/wp-content/uploads/2022/06/z3649936273467_02dcb06144cee4cccfd740ffb7cc20ef-300x300.jpg,Nike Jordan 1 Low Đen Trắng Xanh Lá REP 1:1,550
giay-nike,https://giayxshop.vn/wp-content/uploads/2022/05/z3660156257586_8e71d61800323446d2fae886c365cab1-300x300.jpg,Nike Jordan 1 Low Xám REP 1:1,550
giay-nike,https://giayxshop.vn/wp-content/uploads/2021/12/z3647798628051_0c67dfd321e862c062a3d071b250f5fe-300x300.jpg,Nike Air Force 1 ID Gucci Trắng Xanh Đỏ REP 1:1,550
giay-nike,https://giayxshop.vn/wp-content/uploads/2022/07/z3655896740390_973f939b21e444bf72504fce6118ec0b-300x300.jpg,Nike Air Force 1 Da Lộn Xám Đen Đế Xám REP 1:1,550
giay-nike,https://giayxshop.vn/wp-content/uploads/2022/05/z3658185879274_368fcd732720d6af61a48595d3f67d3e-300x300.jpg,Nike Air Force 1 Da Kem Navy Rep 1:1,550
giay-nike,https://giayxshop.vn/wp-content/uploads/2021/12/z3660217485461_e5eacde1ff09d5a204228ce1ecf96c2b-300x300.jpg,Nike Jordan 1 Low Xanh Dương Vạch Đen REP 1:1,550
giay-nike,https://giayxshop.vn/wp-content/uploads/2022/08/z3658150800098_03fba73bd3c30beca04406057e5dc083-300x300.jpg,Nike Air Force 1 Da Kem Xám REP 1:1,550
giay-nike,https://giayxshop.vn/wp-content/uploads/2022/11/z3851393918539_4725f4edd2406db8d55623f2c1c48e1e-300x300.jpg,Nike Jordan 1 Low Full Trắng REP 1:1,550
giay-nike,https://giayxshop.vn/wp-content/uploads/2022/06/z3650896788459_9414e529ab6b2fc0b113df3a42d1430f-300x300.jpg,Nike Air Force 1 Kem Nâu REP 1:1,550
giay-nike,https://giayxshop.vn/wp-content/uploads/2022/08/z3673396429394_a9b7d4c15c96d921e00fa01f3b2e810e-300x300.jpg,Giày M2K Trắng Đen REP 1:1,550
giay-nike,https://giayxshop.vn/wp-content/uploads/2022/06/z3649723089942_686964e20c6228899c2e1be16ad4729d-300x300.jpg,Nike Air Jordan 1 Low Paris REP 1:1,550
giay-nike,https://giayxshop.vn/wp-content/uploads/2022/12/z3929920226651_31c2fc1f0b9cf4183d0ef81634abbb46-300x300.jpg,Nike Dunk Low Retro Đen Trắng REP 1:1,550
giay-nike,https://giayxshop.vn/wp-content/uploads/2022/08/z3647694845008_84e7735ab2abde2fa36ddc784cfbe438-300x300.jpg,Nike Jordan 1 Low Đen Trắng REP 1:1,550
giay-nike,https://giayxshop.vn/wp-content/uploads/2023/03/z4170501010950_1d777447861dbe7375ba50de17db844f-300x300.jpg,Nike Dunk Low Retro Trắng Xanh REP 1:1,550
giay-nike,https://giayxshop.vn/wp-content/uploads/2022/06/z3657995550151_5e1e02b1b3bb397c0530fe7aae607945-300x300.jpg,Nike Jordan 1 Low Trắng Kẻ Đen REP 1:1,550
giay-nike,https://giayxshop.vn/wp-content/uploads/2022/12/z3988863906051_a7fad3ca3bb82c2cdb995870cbf4ba7c-300x300.jpg,Nike Jordan 1 Low Nâu Trắng REP 1:1,550
giay-nike,https://giayxshop.vn/wp-content/uploads/2022/09/z3720911318212_c9c4700f5f97dfa1e246469c6b431949-300x300.jpg,Nike Jordan 1 Low Xanh Lá REP 1:1,550
giay-nike,https://giayxshop.vn/wp-content/uploads/2023/07/z4506723606346_e9c3233a99c624b9eada3c1207fec9ff-300x300.jpg,Nike Air Force 1 Trắng Xanh Lục REP 1:1,550
giay-nike,https://giayxshop.vn/wp-content/uploads/2022/06/z3994860606523_cad36640b245a3bdc712291a3ab9e0ac-300x300.jpg,Nike Jordan 1 High Xám REP 1:1,550
giay-nike,https://giayxshop.vn/wp-content/uploads/2022/12/z3991876194123_31481c59b0487381e4da38d2881922c0-300x300.jpg,Nike Jordan 1 High Full Trắng REP 1:1,550
giay-nike,https://giayxshop.vn/wp-content/uploads/2023/08/z4631180624723_73de08aad0e12873cff61145d47c784f-300x300.jpg,Nike Air Force 1 07 Kem Tím REP 1:1,550
giay-nike,https://giayxshop.vn/wp-content/uploads/2022/09/z3730958564371_db0f2c548eb03d5fea1449300912b4b9-300x300.jpg,Nike Jordan 1 High Xanh Lá REP 1:1,550
giay-nike,https://giayxshop.vn/wp-content/uploads/2023/07/z4506724473567_45256206435a3768a4d60269c5369ac4-300x300.jpg,Nike Air Force 1 Đen Trắng REP 1:1,550
giay-nike,https://giayxshop.vn/wp-content/uploads/2022/12/z3994859420058_5ea65d34558bcd57541df9bfc849553a-300x300.jpg,Nike Air Force 1 EMB Kem Đen Xanh REP 1:1,550
giay-nike,https://giayxshop.vn/wp-content/uploads/2023/09/z4689154234874_c1a507397567d24ea321f3e8d29ed419-300x300.jpg,Nike Air Force 1 LOVE Trắng Hồng REP 1:1,550
giay-nike,https://giayxshop.vn/wp-content/uploads/2022/10/z3804040188901_a4a07faafc503b62b91fb1b3c7d81aa6-300x300.jpg,Nike Jordan 1 Low Xám Gót Navy REP 1:1,550
giay-nike,https://giayxshop.vn/wp-content/uploads/2023/08/z4597164859924_42eaeb1f0adf051d1b8f6f9bf01d726e-300x300.jpg,Nike Air Force 1 Kem Viền Xanh Đế Nâu REP 1:1,550
giay-nike,https://giayxshop.vn/wp-content/uploads/2023/02/z4116769742198_29614f2779e121caf86d18853ec87357-300x300.jpg,Nike Jordan 1 Low Đen Trắng Xanh Dương REP 1:1,550
giay-nike,https://giayxshop.vn/wp-content/uploads/2023/09/z4689153236974_05d6d74cfbfef7bfd0b5851cb9336511-300x300.jpg,Nike Air Force 1 07 Undefeated Trắng Xám REP 1:1,550
giay-nike,https://giayxshop.vn/wp-content/uploads/2023/08/z4597161144424_fba559e28f0000c6af45c70c5c2af25c-300x300.jpg,Nike Air Force 1 Full Black REP 1:1,550
giay-nike,https://giayxshop.vn/wp-content/uploads/2023/02/z4136819309116_b0367e00635ce337ca768ef174329a79-300x300.jpg,Nike Dunk Low Retro Xám REP 1:1,550
giay-nike,https://giayxshop.vn/wp-content/uploads/2021/12/z3655990856553_02413ba7d956485d835148c00cfe365a-300x300.jpg,Nike Air Force 1 Da Lộn Xám Vải Trắng REP 1:1,600
giay-nike,https://giayxshop.vn/wp-content/uploads/2023/08/z4629127841505_fc2751611e1dd69f5b842329fa02a26d-300x300.jpg,Nike Air Force 1 Low Just Do It Trắng Xanh REP 1:1,550
giay-nike,https://giayxshop.vn/wp-content/uploads/2023/03/z4170501683693_53901461578d59eacefb0bc76c81b983-300x300.jpg,Nike Air Force 1 Valentine’s Kem Đỏ REP 1:1,550
giay-nike,https://giayxshop.vn/wp-content/uploads/2022/06/z3658256209461_7ece159f6312acfef1a75c500d641a56-300x300.jpg,Nike Air Force 1 Vải Kem Navy REP 1:1,600
giay-nike,https://giayxshop.vn/wp-content/uploads/2023/08/z4629138861745_faefa91349c16f91fec9e9044834fe23-300x300.jpg,Nike Air Force 1 07 Designed Fresh Gót Caro REP 1:1,550
giay-nike,https://giayxshop.vn/wp-content/uploads/2022/06/z3658207389094_7bb3dfe67ef9d0dee137477f258ef01c-300x300.jpg,Nike Air Force 1 Brooklyn NY Kem REP 1:1,600
giay-nike,https://giayxshop.vn/wp-content/uploads/2023/08/z4629150991430_ebc4b53c0acdbdc63b364dc8828291e7-300x300.jpg,Nike Air Force 1 07 Undefeated Trắng Xanh Ngọc REP 1:1,550
giay-nike,https://giayxshop.vn/wp-content/uploads/2022/06/z3655991667803_75905f685e944540baae1e85fa53e424-300x300.jpg,Nike Air Force 1 Da Lộn Xám Vạch Kem REP 1:1,600
giay-nike,https://giayxshop.vn/wp-content/uploads/2022/06/z3653382024388_b71b53e078a302ac959fbf71b3528f81-300x300.jpg,Nike Air Force 1 LV Nâu Kem REP 1:1,600
giay-nike,https://giayxshop.vn/wp-content/uploads/2022/08/z3655678775297_78ce397fb50d6d7d5ad2a52c6276894f-300x300.jpg,Nike Air Force 1 Athletic Club Da Lộn Xám Gót XD REP 1:1,600
giay-nike,https://giayxshop.vn/wp-content/uploads/2022/11/z3856699593726_6123e022b65c12e7a8b599d833796010-300x300.jpg,Nike Air Force 1 LV Đen Trắng Chữ Vàng REP 1:1,600
giay-nike,https://giayxshop.vn/wp-content/uploads/2023/08/z4599158963682_962657a6a878ffa88e7707b60da53ea7-300x300.jpg,Nike Air Force 1 Brooklyn Sail Kem Viền Đen REP 1:1,600
giay-nike,https://giayxshop.vn/wp-content/uploads/2022/11/z3856698801262_6b1eeb14a9ebb72ff060fc32d81a8707-300x300.jpg,Nike Air Force 1 LV Full Trắng Chữ Vàng REP 1:1,600
giay-nike,https://giayxshop.vn/wp-content/uploads/2023/08/z4646458392955_753ad9f7d0cbfb95ff14385ccd809909-300x300.jpg,Giày Nike Court Borough Xám Xanh Lục REP 1:1,600
giay-nike,https://giayxshop.vn/wp-content/uploads/2022/11/z3858869981566_c43328851045177b97ec70c867110f35-300x300.jpg,Nike Air Force 1 Bigbang Xám Kem REP 1:1,600
giay-nike,https://giayxshop.vn/wp-content/uploads/2023/09/z4691842962708_151cc9967f5f5f6485dcb9283bd08a0b-300x300.jpg,Nike Air Force 1 07 LV Kem Đế Nâu REP 1:1,600
giay-nike,https://giayxshop.vn/wp-content/uploads/2022/12/z3998172517062_b8aaacfddb6e3a64441f539172f3b618-300x300.jpg,Nike Air Force 1 Athletic Club Da Lộn Xám REP 1:1,600
giay-nike,https://giayxshop.vn/wp-content/uploads/2021/12/z3742044435921_5abfdd8d8a3baad4e4e2d33503b6695f-300x300.jpg,Jordan 1 High Travis Scott Nâu Đen REP 1:1,650
giay-nike,https://giayxshop.vn/wp-content/uploads/2020/12/z3712930750786_4afb044662814b1db63dee0ec02e23cc-300x300.jpg,Nike Air Jordan 4 Retro Off White Kem REP 1:1,750
giay-nike,https://giayxshop.vn/wp-content/uploads/2023/02/z4116934642470_531f9d557ef1f4ceed1f7285c413a1b7-300x300.jpg,Nike Jordan 1 High MoCha Nâu Đen REP 1:1,600
giay-nike,https://giayxshop.vn/wp-content/uploads/2022/12/z3991762861651_4b60140b1f7ebfc0c64adf251707244b-300x300.jpg,Giày Nike Dunk Disrupt 2 Trắng Xanh Lá REP 1:1,650
giay-nike,https://giayxshop.vn/wp-content/uploads/2023/02/z4116949478571_dfe65f7b1dd170af562b91ee83899ce0-300x300.jpg,Nike Air Force 1 Low Soot Xám Kem REP 1:1,600
giay-nike,https://giayxshop.vn/wp-content/uploads/2022/09/z3712953918563_1896ea471b0986501feace516dae6c12-300x300.jpg,Nike Air Jordan 4 Retro Trắng Xám Đen REP 1:1,750
giay-nike,https://giayxshop.vn/wp-content/uploads/2022/12/z3994862161628_b1a3d8475db7e12a6925319ed22d9ceb-300x300.jpg,Giày Nike SB Dunk Nâu Trắng REP 1:1,650
giay-nike,https://giayxshop.vn/wp-content/uploads/2023/02/z4129316087195_5568a81d28465b4463e4058d70e69feb-300x300.jpg,Nike Air Force 1 LV Da Lộn Full Black REP 1:1,600
giay-nike,https://giayxshop.vn/wp-content/uploads/2022/09/z4599147397043_b175b4e48ec1b0a0467a4f58f9563068-300x300.jpg,Nike Air Jordan 4 Retro Trắng XM Đen REP 1:1,750
giay-nike,https://giayxshop.vn/wp-content/uploads/2022/12/z3994862412898_8c768efe6dbcfd1f83512526187599e4-300x300.jpg,Giày Nike Dunk Disrupt 2 Xám Trắng REP 1:1,650
giay-nike,https://giayxshop.vn/wp-content/uploads/2022/12/z3965051094911_eb727728d3d5b0dfdbe4cf3c8aafa0db-300x300.jpg,Nike Air Jordan 4 Retro Full Black REP 1:1,750
giay-nike,https://giayxshop.vn/wp-content/uploads/2023/04/z4279612690659_4b4a2118426078fc2af6eb2a388e43da-300x300.jpg,Giày Nike SB Dunk Xám Trắng Xanh REP 1:1,650
giay-nike,https://giayxshop.vn/wp-content/uploads/2022/12/z3965051741811_df7cefc0a6d7bbddcfb304dbb3abbad9-300x300.jpg,Nike Air Jordan 4 Retro White Oreo REP 1:1,750
giay-nike,https://giayxshop.vn/wp-content/uploads/2023/04/z4279611307304_329b36ff557638c0cf522b0c752afab3-300x300.jpg,Nike Air Jordan 4 Snorlax Kem Xanh REP 1:1,750
giay-nike,https://giayxshop.vn/wp-content/uploads/2023/04/z4302526219010_26b1ed0e2f3b57986983b82841201dd7-300x300.jpg,Nike Air Jordan 4 Retro Fear Pack Đen Xám REP 1:1,750
giay-adidas,https://giayxshop.vn/wp-content/uploads/2019/02/z3676159904214_00fd7c0d92d88ed2e11c55f174168c44-300x300.jpg,Adidas Yeezy Boost 350 V2 Sesame REP,299
giay-adidas,https://giayxshop.vn/wp-content/uploads/2020/09/z3670525299645_9e7a578c3eae4a244930be8797cd92e4-300x300.jpg,Adidas A102 Xanh Rêu SF,400
giay-adidas,https://giayxshop.vn/wp-content/uploads/2022/08/z3670524548451_164c45a47d467ce7957e23cff6badeb1-300x300.jpg,Adidas A102 Full Black SF,400
giay-adidas,https://giayxshop.vn/wp-content/uploads/2023/03/z4159595927783_c64c2be5885dd21738773ad31d1539ba-300x300.jpg,Adidas A102 Đen Kẻ Trắng Phản Quang SF,400
giay-adidas,https://giayxshop.vn/wp-content/uploads/2021/12/z3662743840890_6d4542599a9f8e9c8e8c92e7fa2a9d80-300x300.jpg,Adidas Tubular Shadow Xám Kem REP,450
giay-adidas,https://giayxshop.vn/wp-content/uploads/2022/07/z3673614415158_587932a01a8a80b74b44f8d3637934cd-300x300.jpg,Adidas N977 Đen Xanh SF,450
giay-adidas,https://giayxshop.vn/wp-content/uploads/2019/01/z3651678985400_f5c2a3afb17825c7244e3a4698bb798c-300x300.jpg,Adidas Ultra Boost Đen Trắng REP,500
giay-adidas,https://giayxshop.vn/wp-content/uploads/2019/01/z3647647510353_90ad49fe304dad10fb7f5d0e4c729a8c-300x300.jpg,Adidas Stan Smith Trắng Gót Lục REP 1:1,500
giay-adidas,https://giayxshop.vn/wp-content/uploads/2021/12/z3647648764386_063a04fe20a949051e5a523325e40188-300x300.jpg,Adidas Superstar Trắng Kẻ Đen Mũi Sò REP 1:1,500
giay-adidas,https://giayxshop.vn/wp-content/uploads/2022/05/z3938688335886_ad4e32a7890a650572fc2c476f0bb0d4-300x300.jpg,Adidas 8681 Xám Kẻ Đen SF,500
giay-adidas,https://giayxshop.vn/wp-content/uploads/2022/07/z3657932276979_b1b1300f8bef5209d42fc776bcb132db-300x300.jpg,Adidas 8681 Đen Kẻ Trắng SF,500
giay-adidas,https://giayxshop.vn/wp-content/uploads/2022/07/z3649614687978_ee9fa4deb781b15ebdb0d4097cb762e4-300x300.jpg,Adidas Stan Smith Trắng Gót Đen REP 1:1,500
giay-adidas,https://giayxshop.vn/wp-content/uploads/2022/08/z3644896943688_3b2048c1270ac755f77fec3c506e3a70-300x300.jpg,Adidas 8681 Ghi Kẻ Trắng SF,500
giay-adidas,https://giayxshop.vn/wp-content/uploads/2022/07/z3650895191817_aebe39163cfbc1f6c16112f27d159109-300x300.jpg,Adidas Ultra Boost Trắng REP,500
giay-adidas,https://giayxshop.vn/wp-content/uploads/2022/08/z3649503681532_567ac92361ba4dbdb2dc15ee3b1ba59b-300x300.jpg,Adidas A153 Full Black REP,500
giay-adidas,https://giayxshop.vn/wp-content/uploads/2022/11/z3898376740150_a4ef558160ca08d5b4261168041f5d41-300x300.jpg,Adidas N103 Full Black SF,500
giay-adidas,https://giayxshop.vn/wp-content/uploads/2022/07/z3650896086444_adf0e1a8cba38c888ccbde90864577c9-300x300.jpg,Adidas Ultra Boost Hồng REP,500
giay-adidas,https://giayxshop.vn/wp-content/uploads/2022/08/z3649504572144_5266a1988e51e81a769a3611a8d60144-300x300.jpg,Adidas A153 Đen Trắng REP,500
giay-adidas,https://giayxshop.vn/wp-content/uploads/2022/11/z3922876220036_4e69ee3c68272298c6ef737a59c57697-300x300.jpg,Adidas A128 Rêu Gót Nâu SF,500
giay-adidas,https://giayxshop.vn/wp-content/uploads/2022/07/z3652966025314_1b35eea59172e7d271bab82193db16ef-300x300.jpg,Adidas Ultra Boost Ghi Trắng REP,500
giay-adidas,https://giayxshop.vn/wp-content/uploads/2022/08/z3649505485779_1b77688bc87352c02562a72e03e0f960-300x300.jpg,Adidas A153 Xám REP,500
giay-adidas,https://giayxshop.vn/wp-content/uploads/2022/12/z3922872057231_857ed08c294f0f86a4fdca9963ec19e7-300x300.jpg,Adidas A128 Ghi Trắng SF,500
giay-adidas,https://giayxshop.vn/wp-content/uploads/2022/08/z3645319310792_9ccb1a9209994e97de7ed68f91b162d0-300x300.jpg,Adidas 8681 Xanh Kẻ Trắng SF,500
giay-adidas,https://giayxshop.vn/wp-content/uploads/2022/11/z3856698187734_a7758952b17cf4fbcd9d010daf3f070c-300x300.jpg,Adidas Superstar André Saraiva Kem Đen Mũi Sò REP 1:1,500
giay-adidas,https://giayxshop.vn/wp-content/uploads/2022/12/z3971372506284_e8b6a9420b8cf81ae4e27b1553c1a1c9-300x300.jpg,Adidas A153 Trắng Hồng REP,500
giay-adidas,https://giayxshop.vn/wp-content/uploads/2022/11/z3898336332531_7b4b4b136493bf0fbb61d070c6c6148f-300x300.jpg,Adidas N103 Ghi Cam SF,500
giay-adidas,https://giayxshop.vn/wp-content/uploads/2022/12/z3971414639084_1459bf40d380d1efc496a3b4be2098b0-300x300.jpg,Adidas A153 Tím REP,500
giay-adidas,https://giayxshop.vn/wp-content/uploads/2022/11/z3898344087731_6e79fd7f85eb1aa9a35091272812dda1-300x300.jpg,Adidas N103 Đen Xám SF,500
giay-adidas,https://giayxshop.vn/wp-content/uploads/2022/12/z3971374742348_4b257814c64b4389ddce897f34f9d910-300x300.jpg,Adidas A128 Trắng Tím SF,500
giay-adidas,https://giayxshop.vn/wp-content/uploads/2022/11/z3898348014023_d04fe754c1927a9d344207a1f4602fab-300x300.jpg,Adidas N103 Xám Xanh Navy SF,500
giay-adidas,https://giayxshop.vn/wp-content/uploads/2023/01/z4015127292585_491d4fe7e0d866379674d139966422fb-300x300.jpg,Adidas A153 Xám Xanh REP,500
giay-adidas,https://giayxshop.vn/wp-content/uploads/2023/04/z4290317734254_59b8a3d9f6c190fadd808c4686e3e39d-300x300.jpg,Adidas A161 Trắng Xanh Hồng REP,500
giay-adidas,https://giayxshop.vn/wp-content/uploads/2023/09/z4674324733523_7d672dc82fabc36e819a1ffc670428f8-300x300.jpg,Adidas A163 Ghi Nhạt REP,500
giay-adidas,https://giayxshop.vn/wp-content/uploads/2023/09/z4674325688879_67ea089a626c99f8d5dee3cd5d3b99e6-300x300.jpg,Adidas A163 Trắng Hồng REP,500
giay-adidas,https://giayxshop.vn/wp-content/uploads/2023/09/z4674648555046_75c5aca704303389e3a06409558171c0-300x300.jpg,Adidas A168 Ghi REP,500
giay-adidas,https://giayxshop.vn/wp-content/uploads/2023/09/z4674326874115_77183cc94ec64fc70b6585e68076283b-300x300.jpg,Adidas A163 Đen Trắng REP,500
giay-adidas,https://giayxshop.vn/wp-content/uploads/2023/09/z4674688847632_0a4d17a4bd7edd305a08f09a63c6dc5d-300x300.jpg,Adidas A168 Đen Trắng REP,500
giay-adidas,https://giayxshop.vn/wp-content/uploads/2023/09/z4674328153113_c65a1d61065a382eb390cbb213a2afad-300x300.jpg,Adidas A163 Xám Xanh REP,500
giay-adidas,https://giayxshop.vn/wp-content/uploads/2023/09/z4674687383822_c693dfeef3d207a61892c8073b0283ee-300x300.jpg,Adidas A168 Ghi Nhạt REP,500
giay-adidas,https://giayxshop.vn/wp-content/uploads/2023/09/z4674329174289_760e18e2d4ff848033dc7dab9b4e7126-300x300.jpg,Adidas A163 Ghi Đậm REP,500
giay-adidas,https://giayxshop.vn/wp-content/uploads/2020/12/z3650785286950_dd76cbf3c0771e975f6553e689e7a259-300x300.jpg,Adidas Ultra Boost 6.0 Trắng Xanh REP,550
giay-adidas,https://giayxshop.vn/wp-content/uploads/2023/09/z4674657782333_a1e51dfe93f584d0dc9db909d0943adc-300x300.jpg,Adidas A168 Trắng REP,500
giay-adidas,https://giayxshop.vn/wp-content/uploads/2023/09/z4674639367684_3c3750d75f1eded8d1b8b1b959da68c1-300x300.jpg,Adidas A168 Tím REP,500
giay-adidas,https://giayxshop.vn/wp-content/uploads/2021/12/z3650786754773_567fe331ba4abaf459012c908897df22-300x300.jpg,Adidas Ultra Boost 6.0 Xám Tím REP,550
giay-adidas,https://giayxshop.vn/wp-content/uploads/2023/09/z4689152424627_a061d4b946e2a4e576ef978c276a08a7-300x300.jpg,Adidas A2230 Đen Trắng REP,500
giay-adidas,https://giayxshop.vn/wp-content/uploads/2023/09/z4674640771471_f731a11a36be0a55ed4042c9f6e2df16-300x300.jpg,Adidas A168 Ghi Đậm REP,500
giay-adidas,https://giayxshop.vn/wp-content/uploads/2022/06/z3650786154998_a07769e6fa693653896c54df52d16791-300x300.jpg,Adidas Ultra Boost 6.0 Hồng Trắng REP,550
giay-adidas,https://giayxshop.vn/wp-content/uploads/2023/09/z4703818728090_26e20592354d477a00bc0f7997aa8e05-300x300.jpg,Adidas A2220 Full Black REP,500
giay-adidas,https://giayxshop.vn/wp-content/uploads/2023/09/z4674642087409_bc8c538157ba7e41d2c4d5e7b69f0221-300x300.jpg,Adidas A153 Đen Tím REP,500
giay-adidas,https://giayxshop.vn/wp-content/uploads/2022/07/z3650785692904_0deee0142120d6b8bd670254120c1690-300x300.jpg,Adidas Ultra Boost 6.0 Đen Trắng REP,550
giay-adidas,https://giayxshop.vn/wp-content/uploads/2023/09/z4703820061458_eebf7a1b8b7b5173b6fd4f30557d0979-300x300.jpg,Adidas A2220 Đen Trắng REP,500
giay-adidas,https://giayxshop.vn/wp-content/uploads/2022/07/z3650786478711_df402c375e6ef609af2bf9bd25961c5d-300x300.jpg,Adidas Ultra Boost 6.0 Ghi Trắng REP,550
giay-adidas,https://giayxshop.vn/wp-content/uploads/2023/09/z4703821963760_efed80b1f60055e082159a1be495ff2f-300x300.jpg,Adidas A2230 Xanh Navy REP,500
giay-adidas,https://giayxshop.vn/wp-content/uploads/2022/08/z3655596737327_1f140f3ff5b5a2874cdd0799d2bc486a-300x300.jpg,Adidas Superstar Cappuccino Kem Mũi Sò REP 1:1,550
giay-adidas,https://giayxshop.vn/wp-content/uploads/2022/11/z3851395025938_4d0331fd2f3b9ac5fe9d625c429df381-300x300.jpg,Adidas Ultra Boost 6.0 Full Black Rep,550
giay-adidas,https://giayxshop.vn/wp-content/uploads/2019/02/z3653425278541_3ed6933c9fd11aa17b0ba42ef54d65f0-300x300.jpg,Adidas Alphabounce Beyond REP Đen,600
vans-converse,https://giayxshop.vn/wp-content/uploads/2022/08/51-300x300.jpg,Vans Slip On Caro,79
vans-converse,https://giayxshop.vn/wp-content/uploads/2021/12/z3657769959980_1c6fee249839bf47b193ead0dfd06d71-300x300.jpg,Vans Vault Slip on Caro Đen Trắng REP 1:1,300
vans-converse,https://giayxshop.vn/wp-content/uploads/2022/08/z3658054531271_4691f5c8b52a60f4666573a75111a826-300x300.jpg,Vans Classic Đen Trắng REP 1:1,300
vans-converse,https://giayxshop.vn/wp-content/uploads/2022/09/z3728941569712_95cb2a0197f04a8d967440a4b1a3cb75-300x300.jpg,Vans Vault X Fear OF God Trắng Đen REP 1:1,300
vans-converse,https://giayxshop.vn/wp-content/uploads/2022/12/z3989245605188_672a592c0aceb127e5374fff4b4c5553-300x300.jpg,Vans FOG Slip On Quai Dán Kẻ Caro Trắng Đen REP 1:1,300
vans-converse,https://giayxshop.vn/wp-content/uploads/2022/12/z3989272637203_58192e5df16786005fff4c96d880eb03-300x300.jpg,Vans FOG Slip On Quai Dán Trắng Đen REP 1:1,300
vans-converse,https://giayxshop.vn/wp-content/uploads/2023/02/z4136804680428_b8962023047a1786d3eaf0633366036f-300x300.jpg,Vans Era Đen Trắng REP 1:1,300
vans-converse,https://giayxshop.vn/wp-content/uploads/2023/02/z4137082333784_4d73ae5d9edef40bd17ec13de309b1f9-300x300.jpg,Vans Vault Caro Buộc Dây REP 1:1,300
vans-converse,https://giayxshop.vn/wp-content/uploads/2020/10/z3658024181413_143075efbb1d647c42cec1320759b47a-300x300.jpg,Vans Vault Old Skool Đen Trắng REP 1:1,350
vans-converse,https://giayxshop.vn/wp-content/uploads/2021/04/z3728988919198_322c6eccb2cadf5cf0ac52f79f6dc781-300x300.jpg,Vans Vault Da Lộn Trắng Viền Navy REP 1:1,350
vans-converse,https://giayxshop.vn/wp-content/uploads/2022/09/z3728912433287_646d6f050f2d0d610464a1cf54997643-300x300.jpg,Vans Vault Old Skool Vải Trắng Xanh Navy REP 1:1,350
vans-converse,https://giayxshop.vn/wp-content/uploads/2022/09/z3729008886164_fb153e25b48670e536167232c622fb27-300x300.jpg,Vans Vault Da Lộn Trắng Viền Xanh Lá REP 1:1,350
vans-converse,https://giayxshop.vn/wp-content/uploads/2022/12/z3922965338810_fd550495511c6c40556199297dc6004f-300x300.jpg,Converse 1970s Kem Cao Cổ REP 1:1,450
vans-converse,https://giayxshop.vn/wp-content/uploads/2022/12/z3989299702394_fb0ba6472e7e559438ea7eaa01c9f433-300x300.jpg,Vans Vault Old Skool Trắng Kẻ Đen Mũi Da Lộn REP 1:1,350
vans-converse,https://giayxshop.vn/wp-content/uploads/2023/09/z4670676469552_c316e40fd0717512f2cad8158176c33f-300x300.jpg,Converse RunStar Legacy CX Full Trắng Cao Cổ REP 1:1,700
vans-converse,https://giayxshop.vn/wp-content/uploads/2019/07/z3665722492975_ee72c46314366ddd49c5f02a8628ff3a-300x300.jpg,Converse 1970s Đen Cao Cổ REP 1:1,450
vans-converse,https://giayxshop.vn/wp-content/uploads/2023/09/z4670678328889_99a2386920e31e90706e71d3c49a402a-300x300.jpg,Converse RunStar Legacy CX Đen Trắng Cao Cổ REP 1:1,700
vans-converse,https://giayxshop.vn/wp-content/uploads/2019/08/z3657914311292_86319937523fe0ce8167af9e050b8c55-300x300.jpg,Converse 1970s Đen Thấp Cổ REP 1:1,450
vans-converse,https://giayxshop.vn/wp-content/uploads/2022/12/z3922968422757_eeecf03ff8e5e2d855d853f6110f7233-300x300.jpg,Converse 1970s Kem Thấp Cổ REP 1:1,450
new-balance,https://giayxshop.vn/wp-content/uploads/2022/05/z3656062357482_0bf27f2523e4b588caf9951754a3ae6e-300x300.jpg,New Balance 300 Trắng Đen Phản Quang REP 1:1,399
new-balance,https://giayxshop.vn/wp-content/uploads/2021/04/z3656061365948_d0a7857714337aa753fcd81028f24787-300x300.jpg,New Balance 300 Trắng Phản Quang REP 1:1,550
new-balance,https://giayxshop.vn/wp-content/uploads/2022/05/z3655674017779_1b245603682bc4631aea3bae61d8b73e-300x300.jpg,New Balance 550 Trắng Xanh REP 1:1,550
new-balance,https://giayxshop.vn/wp-content/uploads/2022/07/z3998177806023_3fa12140fb5a823b9f4b2de301f5353d-300x300.jpg,New Balance 550 Trắng Xanh Than REP 1:1,550
new-balance,https://giayxshop.vn/wp-content/uploads/2021/01/z3649756444443_5bfc598bb6e1e3a5bbe5b36acc5183d6-300x300.jpg,New Balance 574 Xám REP 1:1,600
new-balance,https://giayxshop.vn/wp-content/uploads/2021/10/z3649723880717_a5879d764ee6265601ae1370e2d79c58-300x300.jpg,New Balance 574 Xám Trắng REP 1:1,600
new-balance,https://giayxshop.vn/wp-content/uploads/2021/12/z3668059341889_777baf03be80eae198931c328ce03c70-300x300.jpg,New Balance 574 Xanh Dương REP 1:1,600
new-balance,https://giayxshop.vn/wp-content/uploads/2022/02/z3665752530980_04a5fa666955dfbc4cffdb7766a945e7-300x300.jpg,New Balance 300 Pro Court Kem navy REP 1:1,600
new-balance,https://giayxshop.vn/wp-content/uploads/2022/03/z3670429240895_37fb0f06f3c1315426e939c762c3260a-300x300.jpg,New Balance 574 Xám Đỏ REP 1:1,600
new-balance,https://giayxshop.vn/wp-content/uploads/2022/05/z3665769436194_220e71991b51b5a76a226d2805f204c8-300x300.jpg,New Balance 300 Pro Court Kem Xanh Lá REP 1:1,600
new-balance,https://giayxshop.vn/wp-content/uploads/2022/08/z3644896733411_56b2ed34bc4d5c3050e4dbae018b1aa0-300x300.jpg,New Balance 530 Encap Trắng Đen REP 1:1,600
new-balance,https://giayxshop.vn/wp-content/uploads/2022/12/z3994858772660_14d3b6fcdc11ceb962f0c4e8b9d469d5-300x300.jpg,New Balance M5740 Xám Kem REP 1:1,750
new-balance,https://giayxshop.vn/wp-content/uploads/2022/08/z3668061790380_f20a264d5972ca2abc4d07fd4fe1f23a-300x300.jpg,New Balance 574 Kem Hồng REP 1:1,600
new-balance,https://giayxshop.vn/wp-content/uploads/2023/01/z4011613627316_6dd2f8db12076446e6f99f1bcadb7404-300x300.jpg,New Balance M5740 Kem Nâu REP 1:1,750
new-balance,https://giayxshop.vn/wp-content/uploads/2022/11/z3909112950248_dbd5d43b45113c9fe526a34c5cec21ec-300x300.jpg,New Balance Classic 1300 Xanh Navy REP 1:1,700
new-balance,https://giayxshop.vn/wp-content/uploads/2023/04/z4290318414872_4d9afa815f5df983f5de8738312cb2be-300x300.jpg,New Balance M5740 Đen Trắng REP 1:1,750
new-balance,https://giayxshop.vn/wp-content/uploads/2023/08/z4597294184226_c6e3eee413c6fa6bdb25d2a6fcbf7a46-300x300.jpg,New Balance U574 Navy REP 1:1,700
new-balance,https://giayxshop.vn/wp-content/uploads/2023/08/z4597294966917_f59e703d4fc92d8f87198d983b1e0d1e-300x300.jpg,New Balance U574 Nâu REP 1:1,700
new-balance,https://giayxshop.vn/wp-content/uploads/2023/08/z4597295678254_11684df3af5eddb5c194681f3a1ba8ba-300x300.jpg,New Balance U574 Đen Xám REP 1:1,700
mlb,https://giayxshop.vn/wp-content/uploads/2022/06/z3678004101067_88f11910731d83d66a95653b428ce443-300x300.jpg,Giày MLB Chunky Jogger NY Da Lộn Xám Trắng REP 1:1,250
mlb,https://giayxshop.vn/wp-content/uploads/2022/07/z3678003272782_65134edf727bebf889db02ee3ea0c920-300x300.jpg,Giày MLB Chunky Jogger NY Da Lộn Đen Trắng REP 1:1,250
mlb,https://giayxshop.vn/wp-content/uploads/2019/11/z3652675504002_e10bb0415c28faaeeef9c56d83527a11-300x300.jpg,Giày MLB Chunky P Boston Đỏ REP 1:1,580
mlb,https://giayxshop.vn/wp-content/uploads/2021/12/z3657630722086_797a4779fd6ddfbfdc2bf2af303693b1-300x300.jpg,Giày MLB NY Yankees Gót Nỉ REP 1:1,580
mlb,https://giayxshop.vn/wp-content/uploads/2021/12/z3652925886760_0738d65c3bf1ef11c69fb99d9cedaf78-300x300.jpg,MLB Bigball Chunky NY Trắng Đen REP 1:1,580
mlb,https://giayxshop.vn/wp-content/uploads/2021/12/z3652923386105_1f599c0b0d86907b043908a4f3640a5d-300x300.jpg,Giày MLB LA DODGERS Trắng REP 1:1,580
mlb,https://giayxshop.vn/wp-content/uploads/2022/02/z3652925234473_0f915a9fd80c8c08802b583a7899efea-300x300.jpg,Giày MLB Bigball Chunky Mono B Nâu REP 1:1,580
mlb,https://giayxshop.vn/wp-content/uploads/2022/07/z3644927792523_9c3a0ed1c2e80a72bc6fdf1e930bc8aa-300x300.jpg,Giày MLB NY Yankees Trắng Vàng REP 1:1,580
mlb,https://giayxshop.vn/wp-content/uploads/2022/08/z3652924217168_e03755ea52f2af4a090ac8da8957ec29-300x300.jpg,Giày MLB NY Yankees Đế Nâu Rep 1:1,580
mlb,https://giayxshop.vn/wp-content/uploads/2022/06/z3653019242584_04012f304fd25d39180a7179ab081368-300x300.jpg,MLB Chunky Liner NY Trắng Gót Đen REP 1:1,600
mlb,https://giayxshop.vn/wp-content/uploads/2022/06/z3653018944409_5bf4a09f8515ac6f56fc6e853bbbbbe3-300x300.jpg,MLB Chunky Liner NY Trắng Gót Xanh REP 1:1,600
mlb,https://giayxshop.vn/wp-content/uploads/2023/09/z4691840496817_bf3ae7a30b59067db43df300c341f35c-300x300.jpg,MLB Chunky Liner Monogram B Quai Dán Trắng Xám REP 1:1,600
mlb,https://giayxshop.vn/wp-content/uploads/2022/11/z3856697486780_1eff52626bb4c1f98724ef5e1f201bf0-300x300.jpg,MLB Chunky Liner NY Trắng Gót Xám REP 1:1,600
mlb,https://giayxshop.vn/wp-content/uploads/2022/08/z3653482297149_c15939b3e67d076b58c44114b84b7896-300x300.jpg,Giày MLB Mustard NY Da Lộn Kem REP 1:1,650
mlb,https://giayxshop.vn/wp-content/uploads/2022/11/z3953088472299_d7c1a46b11ddf8872aed6b5544fde004-300x300.jpg,MLB Chunky Liner NY Kem Đế Nâu REP 1:1,600
mlb,https://giayxshop.vn/wp-content/uploads/2022/08/z3653769756914_c11fe8070a2e2bca44ae4311eaca20ae-300x300.jpg,Giày MLB Mustard NY Kem Chữ Đen REP 1:1,650
mlb,https://giayxshop.vn/wp-content/uploads/2022/12/z3953090438393_8edee105a89797dced218b3606e8bddb-300x300.jpg,MLB Chunky Liner B Nâu REP 1:1,600
mlb,https://giayxshop.vn/wp-content/uploads/2023/09/z4721390306302_f41ec45283a910ea4b5c139c2cbaf49b-300x300.jpg,Giày MLB Chunky Runner Boston B Trắng Xám REP 1:1,650
mlb,https://giayxshop.vn/wp-content/uploads/2023/08/z4631181963084_f708c0e5a32c6b82f98ea099df239cc8-300x300.jpg,MLB Chunky Liner Monogram B Quai Dán Trắng XD REP 1:1,600
mlb,https://giayxshop.vn/wp-content/uploads/2023/09/z4721391999423_f859c2531502cdbbee86b2a3afb6b72f-300x300.jpg,Giày MLB Chunky Runner NY Đen Trắng REP 1:1,650
mlb,https://giayxshop.vn/wp-content/uploads/2023/08/z4631183357758_d80d80260b96f66b01902a84aebcc226-300x300.jpg,MLB Chunky Liner Monogram NY Quai Dán Trắng Đen REP 1:1,600
louis-vuitton,https://giayxshop.vn/wp-content/uploads/2022/06/z3653382024388_b71b53e078a302ac959fbf71b3528f81-300x300.jpg,Nike Air Force 1 LV Nâu Kem REP 1:1,600
louis-vuitton,https://giayxshop.vn/wp-content/uploads/2022/11/z3856699593726_6123e022b65c12e7a8b599d833796010-300x300.jpg,Nike Air Force 1 LV Đen Trắng Chữ Vàng REP 1:1,600
louis-vuitton,https://giayxshop.vn/wp-content/uploads/2022/11/z3856698801262_6b1eeb14a9ebb72ff060fc32d81a8707-300x300.jpg,Nike Air Force 1 LV Full Trắng Chữ Vàng REP 1:1,600
louis-vuitton,https://giayxshop.vn/wp-content/uploads/2023/02/z4129316087195_5568a81d28465b4463e4058d70e69feb-300x300.jpg,Nike Air Force 1 LV Da Lộn Full Black REP 1:1,600
louis-vuitton,https://giayxshop.vn/wp-content/uploads/2022/11/z3851402757103_621d16fb43508dcef9b6ebe48559531d-300x300.jpg,Giày LV Trainer Full Trắng REP 1:1,650
louis-vuitton,https://giayxshop.vn/wp-content/uploads/2022/12/z3929940828117_525b383e795d10e9a8b5aded14a0263a-300x300.jpg,Giày LV Trainer Trắng Đen REP 1:1,650
louis-vuitton,https://giayxshop.vn/wp-content/uploads/2022/12/z4302529649421_406aa08047f66f97e1d31df31a7c0b5b-300x300.jpg,Giày LV Trainer Trắng Navy NHẠT REP 1:1,650
louis-vuitton,https://giayxshop.vn/wp-content/uploads/2023/04/z4302528364083_f9db9d4e5bc1bf6da693000253cac37f-300x300.jpg,Giày LV Trainer 54 Signature Trắng Xám REP 1:1,650
louis-vuitton,https://giayxshop.vn/wp-content/uploads/2023/04/z4302527280359_b547b8b6c5647193ed592c5d08da2319-300x300.jpg,Giày LV Trainer 54 Signature Nâu Kem REP 1:1,650
giay-thoi-trang,https://giayxshop.vn/wp-content/uploads/2023/09/60-300x300.jpg,Giày Asics Court MZ Kem Đen Đế Nâu REP,350
giay-thoi-trang,https://giayxshop.vn/wp-content/uploads/2023/09/59-300x300.jpg,Giày Asics Court MZ Kem Xám REP,350
giay-thoi-trang,https://giayxshop.vn/wp-content/uploads/2022/12/z3985178779614_d04382dadc84ce29def8dd34948075db-300x300.jpg,Giày MNG390 Da Trắng REP 1:1,360
giay-thoi-trang,https://giayxshop.vn/wp-content/uploads/2022/12/z3985205084595_47372f16771c389e40b5d570c64d9088-300x300.jpg,Giày Fila Classic Boarder OG Đen Trắng REP 1:1,360
giay-thoi-trang,https://giayxshop.vn/wp-content/uploads/2022/12/z3985179440001_32c02c646f16ca9e3af5f8b86fa594df-300x300.jpg,Giày Puma Disperse XT Đen Trắng REP 1:1,400
giay-thoi-trang,https://giayxshop.vn/wp-content/uploads/2023/02/z4136862799329_f661d68fe35392f380f4d4bb2a516c0c-300x300.jpg,Balenciaga Speed Đen Trắng REP 1:1,550
giay-thoi-trang,https://giayxshop.vn/wp-content/uploads/2023/09/z4689151507806_186e31247d8fd9a0aea8f800f52c3aa4-300x300.jpg,Giày Asics Court MZ Kem Xám REP 1:1,550
giay-thoi-trang,https://giayxshop.vn/wp-content/uploads/2023/09/z4691841807271_b1dabaa6f3f9bbe9c2c50f0cf38a93a1-300x300.jpg,Giày Asics Court MZ Kem Đen Đế Nâu REP 1:1,550
giay-thoi-trang,https://giayxshop.vn/wp-content/uploads/2020/11/z3678380029301_1f27112e1655a7238e19c1e81744a535-300x300.jpg,Alexander McQueen Da Trắng Gót Đen REP 1:1,750
dep,https://giayxshop.vn/wp-content/uploads/2022/08/z3683278975543_7c35a9adadcdffe718b1c2e3f7d577d1-300x300.jpg,Dép Alphabounce FULL ĐEN REP 1:1,280
xa-hang,https://giayxshop.vn/wp-content/uploads/2022/11/39-300x300.jpg,Vans Vault Old Skool Đen Trắng REP,179
xa-hang,https://giayxshop.vn/wp-content/uploads/2022/06/z3678004101067_88f11910731d83d66a95653b428ce443-300x300.jpg,Giày MLB Chunky Jogger NY Da Lộn Xám Trắng REP 1:1,250
xa-hang,https://giayxshop.vn/wp-content/uploads/2022/07/z3678003272782_65134edf727bebf889db02ee3ea0c920-300x300.jpg,Giày MLB Chunky Jogger NY Da Lộn Đen Trắng REP 1:1,250
xa-hang,https://giayxshop.vn/wp-content/uploads/2019/02/z3676159904214_00fd7c0d92d88ed2e11c55f174168c44-300x300.jpg,Adidas Yeezy Boost 350 V2 Sesame REP,299
xa-hang,https://giayxshop.vn/wp-content/uploads/2022/01/z3647689413100_2d8d1c5808dec3ef65abe5e8cf65e0b6-300x300.jpg,Nike Jordan 1 Low Đen Cam REP 1:1,350
xa-hang,https://giayxshop.vn/wp-content/uploads/2022/01/z3649873980875_6b34784648f624df482fab4c674f406c-300x300.jpg,Nike Air Force 1 Xám Viền Xanh Da Rắn REP 1:1,379
xa-hang,https://giayxshop.vn/wp-content/uploads/2021/12/z3657631546192_9d623de502a39f3893430912a9a4c4aa-300x300.jpg,Nike Air Force 1 NY Trắng Đen REP 1:1,399
xa-hang,https://giayxshop.vn/wp-content/uploads/2021/12/z3655897742291_abed4baa9c30305e45371f4de9f8d05f-300x300.jpg,Nike Air Force 1 Da Lộn Kem Xám REP 1:1,399
xa-hang,https://giayxshop.vn/wp-content/uploads/2021/12/z3649890795148_f207ffcde907322f77c97ba730ad1bad-300x300.jpg,Nike Air Force 1 Trắng Đen Đế Nâu REP 1:1,399
xa-hang,https://giayxshop.vn/wp-content/uploads/2022/05/z3656062357482_0bf27f2523e4b588caf9951754a3ae6e-300x300.jpg,New Balance 300 Trắng Đen Phản Quang REP 1:1,399
xa-hang,https://giayxshop.vn/wp-content/uploads/2022/06/z3654767209736_562ec04741a0d270af90673d919c000d-300x300.jpg,Nike Jordan 1 Low Kem Xanh Dương Da Lộn REP 1:1,399
xa-hang,https://giayxshop.vn/wp-content/uploads/2022/11/z3856696854691_95d75eca5c3511cc0be8ff8aab69608d-300x300.jpg,Nike Jordan 1 Low Trắng Xám Đế Đen REP 1:1,399
xa-hang,https://giayxshop.vn/wp-content/uploads/2021/12/z3663010633270_05824dbb5751a5a42b834e140ac800f5-300x300.jpg,Nike Jordan 1 Low Thổ Cẩm REP,249
xa-hang,https://giayxshop.vn/wp-content/uploads/2022/03/z3663122591351_06ce8218991651d030bd35ef8f3b975f-300x300.jpg,Nike Jordan 1 Low Xám Camo REP,249
xa-hang,https://giayxshop.vn/wp-content/uploads/2022/03/z3644897010861_47f49887ba9383df92fd98425107fc81-300x300.jpg,Nike Air Force 1 Shadow Xanh Ngọc Rep 1:1,500
xa-hang,https://giayxshop.vn/wp-content/uploads/2021/12/z3032209482383_cd5f7f4ff58f4c9d97454595d27183de-300x300.jpg,Nike Air Jordan 4 Retro Xanh Dương REP 1:1,369
uu-dai-online,https://giayxshop.vn/wp-content/uploads/2022/08/51-300x300.jpg,Vans Slip On Caro,79
uu-dai-online,https://giayxshop.vn/wp-content/uploads/2022/11/39-300x300.jpg,Vans Vault Old Skool Đen Trắng REP,179
uu-dai-online,https://giayxshop.vn/wp-content/uploads/2022/08/15-300x300.jpg,Nike Air Force 1 Kem Nâu,215
uu-dai-online,https://giayxshop.vn/wp-content/uploads/2022/08/8-300x300.jpg,Nike Jordan 1 Cổ Thấp Đen Trắng Đế Xanh,215
uu-dai-online,https://giayxshop.vn/wp-content/uploads/2022/08/44-300x300.jpg,Nike jordan 1 cổ thấp trắng đen,215
uu-dai-online,https://giayxshop.vn/wp-content/uploads/2022/08/9-300x300.jpg,Nike jordan 1 cổ thấp xám,215
uu-dai-online,https://giayxshop.vn/wp-content/uploads/2022/08/14-1-300x300.jpg,Nike Air Force 1 Gucci Trắng Xanh Đỏ,215
uu-dai-online,https://giayxshop.vn/wp-content/uploads/2022/08/19-1-300x300.jpg,Nike Jordan 1 Cổ Thấp Đen Trắng,215
uu-dai-online,https://giayxshop.vn/wp-content/uploads/2022/08/10-300x300.jpg,Nike jordan 1 da lộn cổ thấp xám trắng,215
uu-dai-online,https://giayxshop.vn/wp-content/uploads/2022/08/24-300x300.jpg,Nike Air Force 1 Full Trắng,215
uu-dai-online,https://giayxshop.vn/wp-content/uploads/2022/08/12-1-300x300.jpg,Gucci sơn tùng xanh,215
uu-dai-online,https://giayxshop.vn/wp-content/uploads/2022/09/20-300x300.jpg,Nike Air Force 1 Trắng Xanh Biển,215
uu-dai-online,https://giayxshop.vn/wp-content/uploads/2022/08/5-300x300.jpg,Converse Cổ Thấp Đen,215
uu-dai-online,https://giayxshop.vn/wp-content/uploads/2022/09/21-300x300.jpg,Nike Air Force 1 Trắng Viền Đen,215
uu-dai-online,https://giayxshop.vn/wp-content/uploads/2022/08/4-300x300.jpg,Converse Cổ Cao Đen,215
uu-dai-online,https://giayxshop.vn/wp-content/uploads/2022/08/18-300x300.jpg,Nike Jordan 1 Đen Trắng Cao,300
uu-dai-online,https://giayxshop.vn/wp-content/uploads/2022/08/13-300x300.jpg,Nike Jordan 1 Cổ thấp Đen Trắng Xanh Lá,215
uu-dai-online,https://giayxshop.vn/wp-content/uploads/2022/10/25-300x300.jpg,Nike Jordan 1 Xám Trắng Cao,300
uu-dai-online,https://giayxshop.vn/wp-content/uploads/2022/08/11-300x300.jpg,Nike Jordan 1 Cổ Thấp Xanh Dương,215
uu-dai-online,https://giayxshop.vn/wp-content/uploads/2022/12/49-300x300.jpg,Nike Air Force 1 Lv 8 Xanh Hồng,219
uu-dai-online,https://giayxshop.vn/wp-content/uploads/2022/08/6-300x300.jpg,Nike Air Force Trắng Đen Đế Nâu,215
uu-dai-online,https://giayxshop.vn/wp-content/uploads/2022/04/46-300x300.jpg,Nike Blazer Low Trắng Đen REP,299
uu-dai-online,https://giayxshop.vn/wp-content/uploads/2022/08/56-300x300.jpg,New Balance 300 Pro Court Kem navy,299
uu-dai-online,https://giayxshop.vn/wp-content/uploads/2022/08/57-300x300.jpg,New Balance 300 Pro Court Kem Xanh Lá,299
uu-dai-online,https://giayxshop.vn/wp-content/uploads/2022/11/29-1-300x300.jpg,Adidas Superstar Xanh Ngọc Mũi Sò REP,299
uu-dai-online,https://giayxshop.vn/wp-content/uploads/2022/11/30-300x300.jpg,Adidas Superstar Cappuccino Kem Mũi Sò REP,299
uu-dai-online,https://giayxshop.vn/wp-content/uploads/2022/12/48-300x300.jpg,MLB Chunky Liner LA Trắng Xanh Dương,315
uu-dai-online,https://giayxshop.vn/wp-content/uploads/2023/09/60-300x300.jpg,Giày Asics Court MZ Kem Đen Đế Nâu REP,350
uu-dai-online,https://giayxshop.vn/wp-content/uploads/2023/09/59-300x300.jpg,Giày Asics Court MZ Kem Xám REP,350
uu-dai-online,https://giayxshop.vn/wp-content/uploads/2023/02/58-300x300.jpg,MLB Chunky Liner NY Trắng Gót Xám,315
uu-dai-online,https://giayxshop.vn/wp-content/uploads/2022/12/52-300x300.jpg,Giày MLB NY Yankees Đế Nâu REP,315
uu-dai-online,https://giayxshop.vn/wp-content/uploads/2022/09/23-300x300.jpg,MLB Chunky Liner NY Trắng Gót Đen,315
uu-dai-online,https://giayxshop.vn/wp-content/uploads/2022/10/1-1-300x300.jpg,Nike Air Force 1 Bigbang Xám Kem REP,315
uu-dai-online,https://giayxshop.vn/wp-content/uploads/2022/12/53-300x300.jpg,Giày MLB NY Yankees Gót Nỉ REP,315
uu-dai-online,https://giayxshop.vn/wp-content/uploads/2022/09/22-300x300.jpg,MLB Chunky Liner NY Trắng Gót Xanh,315
uu-dai-online,https://giayxshop.vn/wp-content/uploads/2022/10/27-300x300.jpg,Nike Air Force 1 Xám Viền Xanh Da Rắn REP,315
uu-dai-online,https://giayxshop.vn/wp-content/uploads/2022/12/2-1-300x300.jpg,Giày LV Trainer Trắng Xanh Lá REP,350
uu-dai-online,https://giayxshop.vn/wp-content/uploads/2022/11/34-300x300.jpg,MLB Chunky Liner B Nâu,315
uu-dai-online,https://giayxshop.vn/wp-content/uploads/2022/10/26-300x300.jpg,Nike Air Force 1 Vải Kem Navy,315
uu-dai-online,https://giayxshop.vn/wp-content/uploads/2022/11/35-300x300.jpg,MLB Chunky Liner NY Kem Gót Đen,315
uu-dai-online,https://giayxshop.vn/wp-content/uploads/2022/10/55-300x300.jpg,Giày MLB Chunky P Boston Đỏ REP,315
uu-dai-online,https://giayxshop.vn/wp-content/uploads/2022/11/31-300x300.jpg,Nike Air Force 1 Cao Cổ Full Trắng REP,315
uu-dai-online,https://giayxshop.vn/wp-content/uploads/2022/11/33-300x300.jpg,Giày MLB LA DODGERS Kem REP,315
